従業員番号,freee人事労務での表示名,部門,2026-09-01,2026-09-02,2026-09-03,2026-09-04,2026-09-05,2026-09-06,2026-09-07,2026-09-08,2026-09-09,2026-09-10,2026-09-11,2026-09-12,2026-09-13,2026-09-14,2026-09-15,2026-09-16,2026-09-17,2026-09-18,2026-09-19,2026-09-20,2026-09-21,2026-09-22,2026-09-23,2026-09-24,2026-09-25,2026-09-26,2026-09-27,2026-09-28,2026-09-29,2026-09-30
0001,リーダー1,清掃,,,08:00-17:00,09:00-16:00,09:00-15:30,06:00-18:00,08:00-17:00,,,06:00-18:00,08:00-17:00,09:00-16:00,09:00-15:30,06:00-18:00,,,09:00-15:30,06:00-18:00,08:00-17:00,09:00-16:00,09:00-15:30,,,09:00-16:00,09:00-15:30,06:00-18:00,08:00-17:00,09:00-16:00,,
0002,リーダー2,清掃,,08:00-17:00,09:00-16:00,09:00-15:30,06:00-18:00,08:00-17:00,,,06:00-18:00,08:00-17:00,09:00-16:00,09:00-15:30,06:00-18:00,,,09:00-15:30,06:00-18:00,08:00-17:00,09:00-16:00,09:00-15:30,,,09:00-16:00,09:00-15:30,06:00-18:00,08:00-17:00,09:00-16:00,,,08:00-17:00
0003,リーダー3（表示名違い）,清掃,08:00-17:00,09:00-16:00,09:00-15:30,06:00-18:00,08:00-17:00,,,06:00-18:00,08:00-17:00,09:00-16:00,09:00-15:30,06:00-18:00,,,09:00-15:30,06:00-18:00,08:00-17:00,09:00-16:00,09:00-15:30,,,09:00-16:00,09:00-15:30,06:00-18:00,08:00-17:00,09:00-16:00,,,08:00-17:00,09:00-16:00
0004,チェッカー1,清掃,09:00-16:00,09:00-15:30,06:00-18:00,08:00-17:00,,,06:00-18:00,08:00-17:00,09:00-16:00,09:00-15:30,06:00-18:00,,,09:00-15:30,06:00-18:00,08:00-17:00,09:00-16:00,09:00-15:30,,,09:00-16:00,09:00-15:30,06:00-18:00,08:00-17:00,09:00-16:00,,,08:00-17:00,09:00-16:00,09:00-15:30
0005,チェッカー2,清掃,09:00-15:30,06:00-18:00,08:00-17:00,,,06:00-18:00,08:00-17:00,09:00-16:00,09:00-15:30,06:00-18:00,,,09:00-15:30,06:00-18:00,08:00-17:00,09:00-16:00,09:00-15:30,,,09:00-16:00,09:00-15:30,06:00-18:00,08:00-17:00,09:00-16:00,,,08:00-17:00,09:00-16:00,09:00-15:30,06:00-18:00
0006,チェッカー3,清掃,06:00-18:00,08:00-17:00,,,06:00-18:00,08:00-17:00,09:00-16:00,09:00-15:30,06:00-18:00,,,09:00-15:30,06:00-18:00,08:00-17:00,09:00-16:00,09:00-15:30,,,09:00-16:00,09:00-15:30,06:00-18:00,08:00-17:00,09:00-16:00,,,08:00-17:00,09:00-16:00,09:00-15:30,06:00-18:00,08:00-17:00
0007,クリーナー1,清掃,08:00-17:00,,,06:00-18:00,08:00-17:00,09:00-16:00,09:00-15:30,06:00-18:00,,,09:00-15:30,06:00-18:00,08:00-17:00,09:00-16:00,09:00-15:30,,,09:00-16:00,09:00-15:30,06:00-18:00,08:00-17:00,09:00-16:00,,,08:00-17:00,09:00-16:00,09:00-15:30,06:00-18:00,08:00-17:00,
0008,クリーナー2,清掃,,,06:00-18:00,08:00-17:00,09:00-16:00,09:00-15:30,06:00-18:00,,,09:00-15:30,06:00-18:00,08:00-17:00,09:00-16:00,09:00-15:30,,,09:00-16:00,09:00-15:30,06:00-18:00,08:00-17:00,09:00-16:00,,,08:00-17:00,09:00-16:00,09:00-15:30,06:00-18:00,08:00-17:00,,
0009,クリーナー3,清掃,,06:00-18:00,08:00-17:00,09:00-16:00,09:00-15:30,06:00-18:00,,,09:00-15:30,06:00-18:00,08:00-17:00,09:00-16:00,09:00-15:30,,,09:00-16:00,09:00-15:30,06:00-18:00,08:00-17:00,09:00-16:00,,,08:00-17:00,09:00-16:00,09:00-15:30,06:00-18:00,08:00-17:00,,,06:00-18:00
0010,クリーナー4,清掃,06:00-18:00,08:00-17:00,09:00-16:00,09:00-15:30,06:00-18:00,,,09:00-15:30,06:00-18:00,08:00-17:00,09:00-16:00,09:00-15:30,,,09:00-16:00,09:00-15:30,06:00-18:00,08:00-17:00,09:00-16:00,,,08:00-17:00,09:00-16:00,09:00-15:30,06:00-18:00,08:00-17:00,,,06:00-18:00,08:00-17:00
0011,クリーナー5,清掃,08:00-17:00,09:00-16:00,09:00-15:30,06:00-18:00,,,09:00-15:30,06:00-18:00,08:00-17:00,09:00-16:00,09:00-15:30,,,09:00-16:00,09:00-15:30,06:00-18:00,08:00-17:00,09:00-16:00,,,08:00-17:00,09:00-16:00,09:00-15:30,06:00-18:00,08:00-17:00,,,06:00-18:00,08:00-17:00,09:00-16:00
0012,クリーナー6,清掃,09:00-16:00,09:00-15:30,06:00-18:00,,,09:00-15:30,06:00-18:00,08:00-17:00,09:00-16:00,09:00-15:30,,,09:00-16:00,09:00-15:30,06:00-18:00,08:00-17:00,09:00-16:00,,,08:00-17:00,09:00-16:00,09:00-15:30,06:00-18:00,08:00-17:00,,,06:00-18:00,08:00-17:00,09:00-16:00,09:00-15:30
0013,クリーナー7,清掃,09:00-15:30,06:00-18:00,,,09:00-15:30,06:00-18:00,08:00-17:00,09:00-16:00,09:00-15:30,,,09:00-16:00,09:00-15:30,06:00-18:00,08:00-17:00,09:00-16:00,,,08:00-17:00,09:00-16:00,09:00-15:30,06:00-18:00,08:00-17:00,,,06:00-18:00,08:00-17:00,09:00-16:00,09:00-15:30,06:00-18:00
0014,クリーナー8,清掃,06:00-18:00,,,09:00-15:30,06:00-18:00,08:00-17:00,09:00-16:00,09:00-15:30,,,09:00-16:00,09:00-15:30,06:00-18:00,08:00-17:00,09:00-16:00,,,08:00-17:00,09:00-16:00,09:00-15:30,06:00-18:00,08:00-17:00,,,06:00-18:00,08:00-17:00,09:00-16:00,09:00-15:30,06:00-18:00,
0015,クリーナー9,清掃,,,09:00-15:30,06:00-18:00,08:00-17:00,09:00-16:00,09:00-15:30,,,09:00-16:00,09:00-15:30,06:00-18:00,08:00-17:00,09:00-16:00,,,08:00-17:00,09:00-16:00,09:00-15:30,06:00-18:00,08:00-17:00,,,06:00-18:00,08:00-17:00,09:00-16:00,09:00-15:30,06:00-18:00,,
0016,テスト清掃夜勤,清掃,深夜フロント（夜勤）,23:00-30:00,,深夜フロント（夜勤）,23:00-30:00,,深夜フロント（夜勤）,23:00-30:00,,深夜フロント（夜勤）,23:00-30:00,,深夜フロント（夜勤）,23:00-30:00,,深夜フロント（夜勤）,23:00-30:00,,深夜フロント（夜勤）,23:00-30:00,,深夜フロント（夜勤）,23:00-30:00,,深夜フロント（夜勤）,23:00-30:00,,深夜フロント（夜勤）,23:00-30:00,
0020,テスト朝食A,朝,05:30-11:30,,05:30-11:30,,05:30-11:30,,05:30-11:30,,05:30-11:30,,05:30-11:30,,05:30-11:30,,05:30-11:30,,05:30-11:30,,05:30-11:30,,05:30-11:30,,05:30-11:30,,05:30-11:30,,05:30-11:30,,05:30-11:30,
0099,テスト未登録,清掃,09:00-15:30,09:00-15:30,09:00-15:30,09:00-15:30,,,09:00-15:30,09:00-15:30,09:00-15:30,09:00-15:30,09:00-15:30,,,09:00-15:30,特別勤務A,09:00-15:30,09:00-15:30,09:00-15:30,,,09:00-15:30,09:00-15:30,09:00-15:30,09:00-15:30,09:00-15:30,,,09:00-15:30,09:00-15:30,09:00-15:30
